,,Openflux NH3,,Eddypro NH3,,Openflux CO2,Eddypro,Eddypro CO2,,Openflux H2O,un_h2o_flux,Eddypro H20
,,mg/m2s,[µmol+1s-1m-2],mg/m2s,,mg/m2s,[µmol+1s-1m-2],,,g/m2s,[mmol+1s-1m-2],g/m2s
2024/6/19,9:30,4.13E-5,0.00149,2.533E-5,--,-0.262372246,-5.96011,-0.26224484,--,0.00238506,0.133608,0.002404944
2024/6/19,10:00,2.72E-5,0.00167,2.839E-5,--,-0.295896796,-6.73787,-0.29646628,--,-0.001618104,-0.0868,-0.0015624
2024/6/19,10:30,7.66E-5,0.00446,7.582E-5,--,-0.312864832,-7.10263,-0.31251572,--,-1.87741E-4,-0.0128,-2.304E-4
2024/6/19,11:00,-4.5E-5,0.00266,4.522E-5,--,-0.279871185,-6.35263,-0.27951572,--,0.010458498,0.559711,0.010074798
2024/6/19,11:30,-1.25E-5,0.00285,4.845E-5,--,-0.317216929,-7.10274,-0.31252056,--,0.001475629,0.0779,0.0014022
2024/6/19,12:00,3.74E-5,0.0014,2.38E-5,--,-0.269327528,-6.10753,-0.26873132,--,0.002557936,0.142243,0.002560374
2024/6/19,12:30,4.01E-5,0.00149,2.533E-5,--,-0.335114571,-7.5995,-0.334378,--,0.002926771,0.158944,0.002860992
2024/6/19,13:00,4.29E-5,0.00116,1.972E-5,--,-0.291650807,-6.63351,-0.29187444,--,0.001597495,0.085,0.00153
2024/6/19,13:30,2.72E-5,-8.64E-4,-1.4688E-5,--,-0.265835966,-6.03522,-0.26554968,--,-0.002319892,-0.11154,-0.00200772
2024/6/19,14:00,-1.27E-5,-1.42E-4,-2.414E-6,--,-0.175469841,-3.93662,-0.17321128,--,7.11271E-4,0.0257,4.626E-4
2024/6/19,14:30,-6.68E-6,-4.12E-4,-7.004E-6,--,--,--,--,--,-0.006362762,0.152376,0.002742768
2024/6/19,15:00,-2.7E-5,4.52E-4,7.684E-6,--,-0.153392309,-3.49008,-0.15356352,--,0.005308008,0.292944,0.005272992
2024/6/19,15:30,1.62E-5,-6.99E-4,-1.1883E-5,--,-0.101456733,-2.30727,-0.10151988,--,-6.46574E-4,-0.0453,-8.154E-4
2024/6/19,16:00,-2.71E-6,-1.56E-4,-2.652E-6,--,-0.065773987,-1.49119,-0.06561236,--,0.001072842,0.0606,0.0010908
2024/6/19,16:30,-1.19854E-4,-0.00601,-1.0217E-4,--,-0.169394234,-3.86913,-0.17024172,--,-0.007637264,-0.396137,-0.007130466
2024/6/19,17:00,-7.37E-5,-0.00512,-8.704E-5,--,0.054930972,1.22845,0.0540518,--,0.005663969,0.316149,0.005690682
2024/6/19,17:30,4.29E-5,0.00261,4.437E-5,--,-0.072350846,-1.21099,-0.05328356,--,-0.003812869,-0.17312,-0.00311616
2024/6/19,18:00,-5.02E-5,-0.00291,-4.947E-5,--,0.242321361,5.54004,0.24376176,--,0.006910229,0.387993,0.006983874
2024/6/19,18:30,-2.09E-6,-1.25E-4,-2.125E-6,--,0.493317761,11.2541,0.4951804,--,0.008682036,0.464911,0.008368398
2024/6/19,19:00,4.4E-7,2.3E-5,3.91E-7,--,0.178972923,3.89851,0.17153444,--,0.005671464,0.306857,0.005523426
2024/6/19,19:30,2.56E-7,1.62E-5,2.754E-7,--,0.093763595,2.04871,0.09014324,--,0.002251064,0.119059,0.002143062
2024/6/19,20:00,1.44E-5,8.43E-4,1.4331E-5,--,0.056044155,1.23975,0.054549,--,6.77419E-4,-0.0367,-6.606E-4
2024/6/19,20:30,-2.7E-5,-0.00148,-2.516E-5,--,-0.391214163,-8.20083,-0.36083652,--,-0.005718151,-0.29525,-0.0053145
2024/6/19,21:00,-3.86E-5,-0.00233,-3.961E-5,--,-0.209671545,-4.56548,-0.20088112,--,-0.006488336,-0.366648,-0.006599664
2024/6/19,21:30,-1.29359E-4,-0.00689,-1.1713E-4,--,0.491498095,11.1599,0.4910356,--,0.004468529,0.245019,0.004410342
2024/6/19,22:00,2.36E-5,0.00237,4.029E-5,--,0.051838021,0.975974,0.042942856,--,3.71E-5,0.0063,1.134E-4
2024/6/19,22:30,2.51599E-4,0.0137,2.329E-4,--,-0.060915317,0.564222,0.024825768,--,-7.83426E-4,-0.0241,-4.338E-4
2024/6/19,23:00,2.72E-5,0.0016,2.72E-5,--,0.197155113,4.0465,0.178046,--,0.00681877,0.375023,0.006750414
2024/6/19,23:30,1.54E-5,-3.84E-4,-6.528E-6,--,0.136171689,2.75728,0.12132032,--,6.88547E-4,0.0435,7.83E-4
2024/6/20,2024/6/20 0:00,1.65E-5,-7.52E-4,-1.2784E-5,--,0.297026475,6.60562,0.29064728,--,0.002238547,0.125979,0.002267622
2024/6/20,0:30,-1.17E-5,3.35E-4,5.695E-6,--,0.198053039,4.48557,0.19736508,--,0.002435081,0.134767,0.002425806
2024/6/20,1:00,-7.59E-6,-3.95E-4,-6.715E-6,--,0.072866274,2.2533,0.0991452,--,8.16822E-4,0.0509,9.162E-4
2024/6/20,1:30,1.52E-5,0.00118,2.006E-5,--,-1.10899627,-24.6608,-1.0850752,--,0.00258005,0.136435,0.00245583
2024/6/20,2:00,8.67E-6,5.78E-4,9.826E-6,--,-0.193636718,-4.35614,-0.19167016,--,6.61875E-4,0.037,6.66E-4
2024/6/20,2:30,8.53E-6,-8.02E-5,-1.3634E-6,--,-0.260554132,-5.62606,-0.24754664,--,-0.004176062,-0.224462,-0.004040316
2024/6/20,3:00,3.69E-6,-2.76E-4,-4.692E-6,--,-0.270601911,-5.76228,-0.25354032,--,-0.001386722,-0.0713,-0.0012834
2024/6/20,3:30,-5.5E-5,-0.00337,-5.729E-5,--,-0.270521814,-6.11759,-0.26917396,--,-8.55696E-4,-0.0491,-8.838E-4
2024/6/20,4:00,-1.74E-5,-0.00151,-2.567E-5,--,0.293532819,6.85773,0.30174012,--,-3.39087E-4,-0.02,-3.6E-4
2024/6/20,4:30,6.47E-5,0.00362,6.154E-5,--,-0.34309748,-7.94299,-0.34949156,--,-0.001332828,-0.0735,-0.001323
2024/6/20,5:00,8.73E-6,-5.5E-5,-9.35E-7,--,0.040757203,0.649777,0.028590188,--,5.47266E-4,0.0248,4.464E-4
2024/6/20,5:30,-5.08E-5,-0.00216,-3.672E-5,--,0.37186439,8.47901,0.37307644,--,-0.002758023,-0.15621,-0.00281178
2024/6/20,6:00,-3.56E-5,-9.46E-4,-1.6082E-5,--,0.138017403,3.05272,0.13431968,--,-0.002003916,-0.108501,-0.001953018
2024/6/20,6:30,1.19E-5,4.73E-4,8.041E-6,--,0.057245577,0.965753,0.042493132,--,-0.001657435,-0.0904,-0.0016272
2024/6/20,7:00,-4.86E-5,-0.0021,-3.57E-5,--,0.07285954,2.56972,0.11306768,--,-0.00460276,-0.25833,-0.00464994
2024/6/20,7:30,3.39E-5,-2.71E-4,-4.607E-6,--,-0.146690899,-3.06885,-0.1350294,--,-0.004421674,-0.251761,-0.004531698
2024/6/20,8:00,3.79E-5,--,--,--,-0.150919812,-2.97056,-0.13070464,--,-0.002914734,-0.159193,-0.002865474
2024/6/20,8:30,0,--,--,--,-0.231590881,-5.22255,-0.2297922,--,-0.001038599,0.0276,4.968E-4
2024/6/20,9:00,-6.14968E-4,--,--,--,-0.268809448,-5.84106,-0.25700664,--,0.003958246,0.295458,0.005318244
2024/6/20,9:30,7.46E-5,0.00106,1.802E-5,--,-0.097692943,-9.87611,-0.43454884,--,0.002570863,0.092,0.001656
2024/6/20,10:00,-5.75E-5,-0.00228,-3.876E-5,--,-0.351239907,-7.98016,-0.35112704,--,-0.001264647,-0.128389,-0.002311002
2024/6/20,10:30,1.50318E-4,0.0103,1.751E-4,--,-0.319934614,-7.21986,-0.31767384,--,0.021660668,1.2252,0.0220536
2024/6/20,11:00,-2.45068E-4,-0.0134,-2.278E-4,--,--,-10.1171,-0.4451524,--,0.005373595,0.0853,0.0015354
2024/6/20,11:30,-7.03E-5,-0.00409,-6.953E-5,--,--,--,--,--,0.0067188,-0.16824,-0.00302832
2024/6/20,12:00,-3.42192E-4,-0.0121,-2.057E-4,--,--,--,--,--,--,--,--
2024/6/20,12:30,-4.79E-5,-0.00442,-7.514E-5,--,-0.337883673,-7.73939,-0.34053316,--,0.008541252,0.577031,0.010386558
2024/6/20,13:00,-1.05168E-4,-0.00409,-6.953E-5,--,-0.36828888,-8.33121,-0.36657324,--,0.005339641,0.133816,0.002408688
2024/6/20,13:30,-7.18E-5,-0.00421,-7.157E-5,--,-0.36680768,-8.28718,-0.36463592,--,-0.013867395,-0.77039,-0.01386702
2024/6/20,14:00,-1.33919E-4,-0.00516,-8.772E-5,--,-0.419339847,-8.91747,-0.39236868,--,-0.003957194,-0.215797,-0.003884346
2024/6/20,14:30,-3.89E-5,-0.00541,-9.197E-5,--,-0.272333493,-6.13025,-0.269731,--,0.001849517,0.186936,0.003364848
2024/6/20,15:00,-1.07257E-4,-0.0062,-1.054E-4,--,-0.244916642,-5.51354,-0.24259576,--,0.004605217,0.161145,0.00290061
2024/6/20,15:30,-7.08E-5,-0.00597,-1.0149E-4,--,-0.178973824,-4.05857,-0.17857708,--,-0.002196613,-0.123288,-0.002219184
2024/6/20,16:00,-1.76E-5,-0.00302,-5.134E-5,--,-0.059007621,-1.34491,-0.05917604,--,0.002103021,0.132127,0.002378286
2024/6/20,16:30,-5.22E-5,-0.00416,-7.072E-5,--,-0.036238865,-0.819759,-0.036069396,--,0.002533937,0.0974,0.0017532
2024/6/20,17:00,-8.6E-5,-0.00506,-8.602E-5,--,-0.046973594,-1.06621,-0.04691324,--,-0.006213752,-0.343907,-0.006190326
2024/6/20,17:30,-1.34764E-4,-0.00647,-1.0999E-4,--,0.090421415,2.04772,0.09009968,--,-0.003815071,-0.213792,-0.003848256
2024/6/20,18:00,-5.5E-5,-0.00306,-5.202E-5,--,0.078005958,1.77974,0.07830856,--,-4.68253E-4,-0.0281,-5.058E-4
2024/6/20,18:30,-7.31E-5,-0.00347,-5.899E-5,--,0.090939027,2.05897,0.09059468,--,7.18114E-4,0.041,7.38E-4
2024/6/20,19:00,-3.25E-5,-0.0019,-3.23E-5,--,0.09160037,2.08717,0.09183548,--,-1.66383E-4,-0.00902,-1.6236E-4
2024/6/20,19:30,-8.26E-5,-0.00466,-7.922E-5,--,0.143186642,3.22577,0.14193388,--,0.001770492,0.0765,0.001377
2024/6/20,20:00,-1.05855E-4,-0.00671,-1.1407E-4,--,0.12634589,2.81481,0.12385164,--,-0.001079737,-0.0754,-0.0013572
2024/6/20,20:30,-1.59144E-4,-0.00697,-1.1849E-4,--,0.10689743,2.41711,0.10635284,--,0.002581144,0.135512,0.002439216
2024/6/20,21:00,-8.58E-5,-0.00451,-7.667E-5,--,0.10852093,2.47356,0.10883664,--,0.004028398,0.223621,0.004025178
2024/6/20,21:30,-6.37E-5,-0.00369,-6.273E-5,--,0.091880901,2.09033,0.09197452,--,9.77892E-4,0.0543,9.774E-4
2024/6/20,22:00,-6.98E-5,-0.00355,-6.035E-5,--,0.12489558,2.82957,0.12450108,--,0.001825209,0.0976,0.0017568
2024/6/20,22:30,-7.19E-5,-0.00432,-7.344E-5,--,0.118649198,2.76269,0.12155836,--,0.001010392,0.0613,0.0011034
2024/6/20,23:00,-4.12E-5,-0.0028,-4.76E-5,--,0.068938108,1.57893,0.06947292,--,1.28269E-4,0.00839,1.5102E-4
2024/6/20,23:30,-6.34E-5,-0.00371,-6.307E-5,--,0.091609169,2.09909,0.09235996,--,-7.50748E-4,-0.0345,-6.21E-4
2024/6/21,2024/6/21 0:00,-8.92E-5,-0.00518,-8.806E-5,--,0.1119418,2.54054,0.11178376,--,0.002929505,0.136512,0.002457216
2024/6/21,0:30,2.29E-5,-9.35E-4,-1.5895E-5,--,0.085888208,1.95826,0.08616344,--,-0.00119195,-0.0661,-0.0011898
2024/6/21,1:00,-8.87E-5,-0.00392,-6.664E-5,--,0.066892694,1.51085,0.0664774,--,2.22832E-4,0.0051,9.18E-5
2024/6/21,1:30,-7.48E-5,-0.00495,-8.415E-5,--,0.072140025,1.61532,0.07107408,--,-3.04686E-4,-0.0278,-5.004E-4
2024/6/21,2:00,-3.48E-5,-0.002,-3.4E-5,--,0.061180543,1.35196,0.05948624,--,1.73483E-4,0.00903,1.6254E-4
2024/6/21,2:30,-9.62E-6,-4.26E-4,-7.242E-6,--,0.006564323,0.123306,0.005425464,--,-3.18299E-4,-0.0192,-3.456E-4
2024/6/21,3:00,7.29E-6,3.36E-4,5.712E-6,--,0.014310731,0.325829,0.014336476,--,2.71493E-4,0.0168,3.024E-4
2024/6/21,3:30,2.23E-5,9.09E-4,1.5453E-5,--,-0.041458769,-1.44957,-0.06378108,--,8.55165E-4,0.0486,8.748E-4
2024/6/21,4:00,1.55E-5,7.42E-4,1.2614E-5,--,0.113524582,2.62368,0.11544192,--,0.001598284,0.0861,0.0015498
2024/6/21,4:30,-4.99E-5,-0.00285,-4.845E-5,--,0.604167415,13.9578,0.6141432,--,-0.004102427,-0.227456,-0.004094208
2024/6/21,5:00,1.02664E-4,0.00473,8.041E-5,--,0.057392278,1.25228,0.05510032,--,-0.00120963,-0.0726,-0.0013068
2024/6/21,5:30,6.57E-6,1.65E-5,2.805E-7,--,0.057514431,1.33029,0.05853276,--,0.001819797,0.101172,0.001821096
2024/6/21,6:00,-1.1E-5,-2.49E-4,-4.233E-6,--,-0.21141607,-4.38678,-0.19301832,--,0.001390702,0.0773,0.0013914
2024/6/21,6:30,-6.28E-5,-0.00311,-5.287E-5,--,0.051934578,1.09479,0.04817076,--,0.001660391,0.0945,0.001701
2024/6/21,7:00,-2.12E-5,-0.00123,-2.091E-5,--,0.067159702,1.52328,0.06702432,--,0.002753003,0.152106,0.002737908
2024/6/21,7:30,-6.05E-5,-0.00377,-6.409E-5,--,0.01809321,0.849386,0.037372984,--,8.65096E-4,0.0687,0.0012366
2024/6/21,8:00,-8.68E-5,-0.00377,-6.409E-5,--,0.024765779,0.678329,0.029846476,--,-0.001773838,-0.098,-0.001764
2024/6/21,8:30,-3.57E-5,-0.00362,-6.154E-5,--,-0.039086388,-0.866278,-0.038116232,--,-3.6734E-4,0.0343,6.174E-4
2024/6/21,9:00,-4.2E-5,-0.00306,-5.202E-5,--,-0.030944286,-0.705214,-0.031029416,--,-9.20117E-4,-0.0513,-9.234E-4
2024/6/21,9:30,-3.1E-5,-0.00184,-3.128E-5,--,-0.035877141,-0.800571,-0.035225124,--,7.11061E-4,0.0174,3.132E-4
2024/6/21,10:00,-1.29E-5,-0.00224,-3.808E-5,--,-0.069539151,-1.5826,-0.0696344,--,-8.97383E-4,-0.0526,-9.468E-4
2024/6/21,10:30,-4.16E-5,-0.00192,-3.264E-5,--,-0.035388986,-0.815953,-0.035901932,--,-0.002226309,-0.132151,-0.002378718
2024/6/21,11:00,-5.17E-5,-0.00326,-5.542E-5,--,-0.041504126,-0.940066,-0.041362904,--,6.92665E-4,0.0602,0.0010836
2024/6/21,11:30,-8.75E-5,-0.00511,-8.687E-5,--,-0.096561267,-2.18523,-0.09615012,--,-0.003626859,-0.198544,-0.003573792
2024/6/21,12:00,2.93E-5,-3.37E-4,-5.729E-6,--,-0.044605383,-1.01057,-0.04446508,--,0.007156925,0.401593,0.007228674
2024/6/21,12:30,-1.7557E-4,-0.0101,-1.717E-4,--,-0.014238339,-0.333299,-0.014665156,--,0.015026219,0.828266,0.014908788
2024/6/21,13:00,1.90465E-4,0.0109,1.853E-4,--,-0.567643418,-12.6191,-0.5552404,--,0.046645816,2.60853,0.04695354
2024/6/21,13:30,2.91E-7,1.66E-5,2.822E-7,--,0.069350643,1.70275,0.074921,--,0.011213769,0.677304,0.012191472
2024/6/21,14:00,-3.33E-7,-1.99E-5,-3.383E-7,--,-0.131346893,-2.96745,-0.1305678,--,0.02830208,1.56554,0.02817972
2024/6/21,14:30,-3.11E-6,-1.85E-4,-3.145E-6,--,-0.33278888,-8.91795,-0.3923898,--,-0.022362982,-1.64889,-0.02968002
2024/6/21,15:00,-6.71663E-4,-0.0359,-6.103E-4,--,-1.232903368,-27.9463,-1.2296372,--,-0.022256281,-1.56322,-0.02813796
2024/6/21,15:30,9.07E-5,0.00458,7.786E-5,--,-0.498205418,-12.1022,-0.5324968,--,0.013492368,0.77823,0.01400814
2024/6/21,16:00,4.16126E-4,0.0243,4.131E-4,--,-0.055021995,-1.294,-0.056936,--,0.022180423,1.21967,0.02195406
2024/6/21,16:30,8.28E-5,0.00458,7.786E-5,--,-0.039901705,-1.44457,-0.06356108,--,0.01984657,1.00758,0.01813644
2024/6/21,17:00,6.94E-5,0.00374,6.358E-5,--,0.071087929,1.63835,0.0720874,--,0.014449777,0.790493,0.014228874
2024/6/21,17:30,2.69E-6,1.5E-4,2.55E-6,--,-0.070828282,-0.340258,-0.014971352,--,-0.007667369,-0.158087,-0.002845566
2024/6/21,18:00,-3.16E-5,-0.00191,-3.247E-5,--,-0.700274285,-17.6434,-0.7763096,--,-0.034314573,-2.25706,-0.04062708
2024/6/21,18:30,2.14602E-4,0.0136,2.312E-4,--,-0.047633247,0.505065,0.02222286,--,0.029187536,1.60303,0.02885454
2024/6/21,19:00,4.94E-5,0.00334,5.678E-5,--,0.045335553,1.0477,0.0460988,--,0.013626676,0.751451,0.013526118
2024/6/21,19:30,-3.37591E-4,-0.0193,-3.281E-4,--,0.910291847,20.4356,0.8991664,--,-0.037716463,-2.12563,-0.03826134
2024/6/21,20:00,4.55E-5,0.00254,4.318E-5,--,0.233981122,5.27688,0.23218272,--,-0.007859635,-0.468892,-0.008440056
2024/6/21,20:30,-2.32E-5,-9.32E-4,-1.5844E-5,--,0.193555259,4.36288,0.19196672,--,-5.52939E-4,0.0193,3.474E-4
2024/6/21,21:00,7.71E-6,8.89E-4,1.5113E-5,--,0.133958585,3.04752,0.13409088,--,7.30581E-4,-0.0579,-0.0010422
2024/6/21,21:30,-1.12E-5,-6.55E-4,-1.1135E-5,--,0.095652478,2.15005,0.0946022,--,7.20605E-4,0.0398,7.164E-4
2024/6/21,22:00,7.6E-5,0.00549,9.333E-5,--,0.277059111,6.26629,0.27571676,--,0.001908114,0.105574,0.001900332
2024/6/21,22:30,3.77E-5,0.00115,1.955E-5,--,0.326580753,7.43286,0.32704584,--,0.005168194,0.286286,0.005153148
2024/6/21,23:00,-4.78E-5,-0.00217,-3.689E-5,--,0.198345835,4.47682,0.19698008,--,0.002981129,0.166227,0.002992086
2024/6/21,23:30,2.57E-5,0.00141,2.397E-5,--,0.106097302,2.29805,0.1011142,--,0.001934858,0.107423,0.001933614
2024/6/22,2024/6/22 0:00,3.01E-5,0.00177,3.009E-5,--,0.151327224,3.45986,0.15223384,--,0.001785854,0.0993,0.0017874
2024/6/22,0:30,-9.39E-6,-1.59E-4,-2.703E-6,--,0.103849212,2.31092,0.10168048,--,8.0277E-4,0.0441,7.938E-4
2024/6/22,1:00,-2.69E-6,-1.6E-4,-2.72E-6,--,0.070174218,1.59676,0.07025744,--,1.2347E-4,-0.0162,-2.916E-4
2024/6/22,1:30,1.68E-5,6.08E-4,1.0336E-5,--,0.110135559,2.55527,0.11243188,--,4.37446E-4,0.0244,4.392E-4
2024/6/22,2:00,1.01224E-4,0.00443,7.531E-5,--,-0.193189471,-3.57588,-0.15733872,--,0.028442562,1.57248,0.02830464
2024/6/22,2:30,-9.47E-6,-4.02E-4,-6.834E-6,--,0.296665805,6.39538,0.28139672,--,0.008506643,0.465434,0.008377812
2024/6/22,3:00,-8.39E-5,-0.00494,-8.398E-5,--,-0.168315476,-3.81493,-0.16785692,--,0.064111058,3.56599,0.06418782
2024/6/22,3:30,-4.30139E-4,-0.0261,-4.437E-4,--,-0.267491025,-6.76845,-0.2978118,--,-0.018979709,-1.05259,-0.01894662
2024/6/22,4:00,7.52E-5,0.00339,5.763E-5,--,-0.064983431,-1.03337,-0.04546828,--,-0.010320339,-0.568086,-0.010225548
2024/6/22,4:30,-1.97E-6,5.4E-4,9.18E-6,--,-0.291255522,-7.62968,-0.33570592,--,-0.004742968,-0.287194,-0.005169492
2024/6/22,5:00,-5.68E-5,-0.00416,-7.072E-5,--,1.366526616,30.521,1.342924,--,-0.01586427,-0.881695,-0.01587051
2024/6/22,5:30,2.14E-5,0.00176,2.992E-5,--,2.080633122,47.2504,2.0790176,--,-0.011033777,-0.556526,-0.010017468
2024/6/22,6:00,-8.19E-5,-0.0044,-7.48E-5,--,0.13427626,2.93673,0.12921612,--,0.014604991,0.812908,0.014632344
2024/6/22,6:30,1.0217E-4,0.00574,9.758E-5,--,0.067675495,1.62087,0.07131828,--,0.01277144,0.70769,0.01273842
2024/6/22,7:00,3.83242E-4,0.021,3.57E-4,--,0.4088903,9.02242,0.39698648,--,0.032297478,1.78345,0.0321021
2024/6/22,7:30,1.62036E-4,0.00955,1.6235E-4,--,0.263844701,6.02003,0.26488132,--,0.05345197,2.95964,0.05327352
2024/6/22,8:00,3.49204E-4,0.0197,3.349E-4,--,-0.113592745,-2.57726,-0.11339944,--,0.05939841,3.27879,0.05901822
2024/6/22,8:30,5.12044E-4,0.0301,5.117E-4,--,--,--,--,--,--,--,--
2024/6/22,9:00,4.07446E-4,0.0254,4.318E-4,--,-0.069773507,-1.58923,-0.06992612,--,0.0525791,2.90806,0.05234508
2024/6/22,9:30,2.9455E-4,0.0173,2.941E-4,--,-0.048386649,-1.08648,-0.04780512,--,0.03748789,2.07677,0.03738186
2024/6/22,10:00,4.83708E-4,0.0262,4.454E-4,--,-0.079179248,-1.80292,-0.07932848,--,0.039945433,2.20502,0.03969036
2024/6/22,10:30,5.75471E-4,0.0335,5.695E-4,--,-0.086894701,-1.97431,-0.08686964,--,0.026617499,1.47541,0.02655738
2024/6/22,11:00,5.4033E-4,0.0317,5.389E-4,--,-0.156857448,-3.60213,-0.15849372,--,0.02756144,1.52176,0.02739168
2024/6/22,11:30,1.63194E-4,0.00957,1.6269E-4,--,-0.131477385,-2.97068,-0.13070992,--,0.015008046,0.8261,0.0148698
2024/6/22,12:00,1.09284E-4,0.00642,1.0914E-4,--,-0.130892435,-2.96633,-0.13051852,--,0.02624708,1.45075,0.0261135
2024/6/22,12:30,1.68131E-4,0.00991,1.6847E-4,--,-0.215738247,-4.89511,-0.21538484,--,0.018887743,1.04726,0.01885068
2024/6/22,13:00,2.77685E-4,0.0163,2.771E-4,--,-0.276493157,-6.25545,-0.2752398,--,0.018645033,1.02704,0.01848672
2024/6/22,13:30,2.0995E-4,0.00884,1.5028E-4,--,-0.233888946,-5.29229,-0.23286076,--,0.002276346,0.120564,0.002170152
2024/6/22,14:00,4.6E-5,0.00261,4.437E-5,--,-0.230048038,-5.22235,-0.2297834,--,0.003564212,0.197845,0.00356121
2024/6/22,14:30,-2.91E-5,-0.00164,-2.788E-5,--,-0.052080618,-1.20986,-0.05323384,--,0.004710148,0.269487,0.004850766
2024/6/22,15:00,2.53257E-4,-4.48E-4,-7.616E-6,--,-0.032185327,-0.32877,-0.01446588,--,0.002650241,0.161309,0.002903562
2024/6/22,15:30,-5.9E-5,-0.00337,-5.729E-5,--,-0.080084046,-1.81289,-0.07976716,--,0.001725246,0.0969,0.0017442
2024/6/22,16:00,1.15E-5,5.43E-4,9.231E-6,--,-0.027474118,-0.634878,-0.027934632,--,0.002954181,0.164216,0.002955888
2024/6/22,16:30,3.34E-5,0.00197,3.349E-5,--,-0.141480435,-3.07442,-0.13527448,--,4.47259E-4,0.0201,3.618E-4
2024/6/22,17:00,-4.23E-5,-0.00241,-4.097E-5,--,--,39.539,1.739716,--,-0.048524133,-2.71945,-0.0489501
2024/6/22,17:30,-4.93E-5,-0.00289,-4.913E-5,--,--,0.412446,0.018147624,--,0.009609692,0.0784,0.0014112
2024/6/22,18:00,-3.08E-5,-0.0018,-3.06E-5,--,0.076049241,1.72824,0.07604256,--,-4.36846E-4,0.00491,8.838E-5
2024/6/22,18:30,-2.34E-5,-0.00137,-2.329E-5,--,0.061792417,1.39648,0.06144512,--,4.06007E-4,0.0205,3.69E-4
2024/6/22,19:00,-9.12E-5,-0.00524,-8.908E-5,--,0.19217489,4.2047,0.1850068,--,-0.001660867,-0.133951,-0.002411118
2024/6/22,19:30,-2.04E-5,-0.00118,-2.006E-5,--,0.088170804,1.98185,0.0872014,--,5.05187E-4,0.026,4.68E-4
2024/6/22,20:00,-2.83E-5,-0.00167,-2.839E-5,--,0.076871322,1.74946,0.07697624,--,5.8793E-4,0.0324,5.832E-4
2024/6/22,20:30,-1.55E-5,-9.03E-4,-1.5351E-5,--,0.08444453,1.90241,0.08370604,--,3.43887E-4,0.0185,3.33E-4
2024/6/22,21:00,1.98E-5,9.85E-4,1.6745E-5,--,0.223911092,5.60252,0.24651088,--,0.001533381,0.088,0.001584
2024/6/22,21:30,-5.2E-6,-2.48E-4,-4.216E-6,--,0.262711947,5.62793,0.24762892,--,3.16243E-4,0.00768,1.3824E-4
2024/6/22,22:00,7.57E-6,1.51E-4,2.567E-6,--,-0.072973478,-0.881569,-0.038789036,--,7.46532E-4,0.0384,6.912E-4
2024/6/22,22:30,-1.02E-5,-5.02E-4,-8.534E-6,--,-0.120515743,-2.09286,-0.09208584,--,0.001006039,0.058,0.001044
2024/6/22,23:00,2.09E-5,0.00107,1.819E-5,--,0.27098092,3.84316,0.16909904,--,-9.11533E-4,-0.0411,-7.398E-4
2024/6/22,23:30,-3.97E-5,-0.00235,-3.995E-5,--,0.25006858,8.41207,0.37013108,--,-0.002126999,-0.13589,-0.00244602
2024/6/23,2024/6/23 0:00,-1.64E-5,-9.56E-4,-1.6252E-5,--,-0.090459584,-3.55728,-0.15652032,--,-6.73082E-4,-0.0594,-0.0010692
2024/6/23,0:30,-8.65E-5,-0.00508,-8.636E-5,--,-1.303136975,-30.7262,-1.3519528,--,-0.003110123,-0.225706,-0.004062708
2024/6/23,1:00,6.71E-5,0.00371,6.307E-5,--,-0.026404541,0.0521,0.0022924,--,0.002523081,0.138093,0.002485674
2024/6/23,1:30,-5.72E-5,-0.003,-5.1E-5,--,0.250709859,4.77433,0.21007052,--,7.61773E-4,0.0295,5.31E-4
2024/6/23,2:00,7.72E-6,4.48E-4,7.616E-6,--,-0.133398209,-3.2109,-0.1412796,--,-7.60135E-4,-0.046,-8.28E-4
2024/6/23,2:30,5.96E-5,0.00306,5.202E-5,--,-0.378107467,-7.39194,-0.32524536,--,1.77458E-4,0.00695,1.251E-4
2024/6/23,3:00,1.98E-5,9.49E-4,1.6133E-5,--,0.033534485,0.726346,0.031959224,--,8.33222E-4,0.0463,8.334E-4
2024/6/23,3:30,-4.76E-5,-0.00275,-4.675E-5,--,-0.016759083,-0.217582,-0.009573608,--,-0.001383586,-0.0788,-0.0014184
2024/6/23,4:00,1.15027E-4,0.0068,1.156E-4,--,-0.158465087,-5.37709,-0.23659196,--,0.00172392,0.0936,0.0016848
2024/6/23,4:30,1.62072E-4,0.00928,1.5776E-4,--,-0.968520317,-23.2934,-1.0249096,--,8.99865E-4,0.0511,9.198E-4
2024/6/23,5:00,-1.34E-5,-0.00258,-4.386E-5,--,0.411620436,9.28013,0.40832572,--,0.005575844,0.308313,0.005549634
2024/6/23,5:30,-1.93E-5,-4.82E-4,-8.194E-6,--,0.24536392,5.47084,0.24071696,--,8.00434E-4,0.0443,7.974E-4
2024/6/23,6:00,-3.78E-5,-0.00222,-3.774E-5,--,0.090903599,2.07124,0.09113456,--,0.003401568,0.189259,0.003406662
2024/6/23,6:30,5.65E-5,0.00257,4.369E-5,--,0.043562777,1.09774,0.04830056,--,0.010567464,0.586073,0.010549314
2024/6/23,7:00,-2.33E-5,-0.00137,-2.329E-5,--,0.016345259,0.420385,0.01849694,--,0.012051186,0.668579,0.012034422
2024/6/23,7:30,-1.1E-5,-6.48E-4,-1.1016E-5,--,-0.123781471,-2.79886,-0.12314984,--,0.01895974,1.05256,0.01894608
2024/6/23,8:00,-7.13E-5,-0.00418,-7.106E-5,--,-0.040033807,-0.88686,-0.03902184,--,0.029364656,1.62849,0.02931282
2024/6/23,8:30,-5.96E-5,-0.00346,-5.882E-5,--,-0.217204712,-4.86964,-0.21426416,--,0.015107827,0.856788,0.015422184
2024/6/23,9:00,7.53E-5,0.00438,7.446E-5,--,0.134848023,1.41047,0.06206068,--,0.076126892,4.20193,0.07563474
2024/6/23,9:30,8.52E-5,0.00499,8.483E-5,--,-0.141269396,-3.19876,-0.14074544,--,0.057452757,3.18466,0.05732388
2024/6/23,10:00,2.9E-5,0.00171,2.907E-5,--,-0.414181349,-9.39934,-0.41357096,--,0.012551835,0.694922,0.012508596
2024/6/23,10:30,1.16E-5,6.76E-4,1.1492E-5,--,-0.410535557,-9.34042,-0.41097848,--,0.016338833,0.903444,0.016261992
2024/6/23,11:00,8.39E-5,0.00489,8.313E-5,--,-0.319410621,-7.23325,-0.318263,--,0.027162434,1.48438,0.02671884
2024/6/23,11:30,5.63E-5,0.00331,5.627E-5,--,-0.432465392,-9.78581,-0.43057564,--,0.023337235,1.27629,0.02297322
2024/6/23,12:00,5.16E-5,0.00303,5.151E-5,--,-0.435725853,-9.85928,-0.43380832,--,0.016219235,0.894341,0.016098138
2024/6/23,12:30,1.27E-5,7.45E-4,1.2665E-5,--,-0.423968066,-9.61982,-0.42327208,--,0.009076401,0.500198,0.009003564
2024/6/23,13:00,-1.55E-5,-9.01E-4,-1.5317E-5,--,-0.458251634,-10.3937,-0.4573228,--,-0.002769397,-0.276472,-0.004976496
2024/6/23,13:30,1.65E-5,9.58E-4,1.6286E-5,--,-0.41163596,-9.23401,-0.40629644,--,0.009082414,0.504648,0.009083664
2024/6/23,14:00,3.28E-5,0.0019,3.23E-5,--,-0.387816815,-8.74423,-0.38474612,--,0.008957017,0.496964,0.008945352
2024/6/23,14:30,-7.56E-5,-0.0042,-7.14E-5,--,-0.361777184,-8.10013,-0.35640572,--,0.010689992,0.587625,0.01057725
2024/6/23,15:00,7.8E-6,4.33E-4,7.361E-6,--,-0.294156022,-6.43257,-0.28303308,--,0.004606804,0.256123,0.004610214
2024/6/23,15:30,-2.72E-5,-0.0016,-2.72E-5,--,-0.236463245,-5.27983,-0.23231252,--,0.001802726,0.102617,0.001847106
2024/6/23,16:00,-2.7E-5,-0.00159,-2.703E-5,--,-0.147694766,-3.34697,-0.14726668,--,0.002610393,0.144198,0.002595564
2024/6/23,16:30,-6.07E-5,-0.00361,-6.137E-5,--,-0.131547342,-2.92386,-0.12864984,--,-0.010934187,-0.588074,-0.010585332
2024/6/23,17:00,-1.87E-5,-0.00107,-1.819E-5,--,-0.029823531,-0.688285,-0.03028454,--,-0.008753268,-0.497409,-0.008953362
2024/6/23,17:30,-2.6E-5,-0.00154,-2.618E-5,--,0.043558975,0.999595,0.04398218,--,-0.005789818,-0.323125,-0.00581625
2024/6/23,18:00,-7.8E-6,-4.72E-4,-8.024E-6,--,0.051284002,1.15836,0.05096784,--,0.00496791,0.293203,0.005277654
2024/6/23,18:30,-4.76E-5,-0.00281,-4.777E-5,--,0.116525636,2.66828,0.11740432,--,-0.001484807,-0.0816,-0.0014688
2024/6/23,19:00,-3.98E-5,-0.0023,-3.91E-5,--,-0.04430143,-0.230876,-0.010158544,--,-0.004689045,-0.257294,-0.004631292
2024/6/23,19:30,-3.04E-5,-0.00177,-3.009E-5,--,0.092769355,2.09922,0.09236568,--,-0.001574879,-0.0858,-0.0015444
2024/6/23,20:00,-2.1E-5,-0.00126,-2.142E-5,--,0.091210981,2.06245,0.0907478,--,0.001301411,0.10113,0.00182034
2024/6/23,20:30,-4E-5,-0.00235,-3.995E-5,--,0.05760372,1.30956,0.05762064,--,-0.002595714,-0.14335,-0.0025803
2024/6/23,21:00,-3.79E-5,-0.00223,-3.791E-5,--,0.106505096,2.43746,0.10724824,--,-0.002940242,-0.162987,-0.002933766
2024/6/23,21:30,-4.29E-5,-0.0025,-4.25E-5,--,0.09542438,2.16559,0.09528596,--,-0.002663738,-0.145414,-0.002617452
2024/6/23,22:00,-3.66E-5,-0.00215,-3.655E-5,--,0.057071623,1.31857,0.05801708,--,-0.001810124,-0.100159,-0.001802862
2024/6/23,22:30,-4.91E-5,-0.00288,-4.896E-5,--,0.053390279,1.20229,0.05290076,--,-0.001273486,-0.0707,-0.0012726
2024/6/23,23:00,-3.87E-5,-0.00227,-3.859E-5,--,-0.024705643,-1.82399,-0.08025556,--,-0.003920392,-0.215554,-0.003879972
2024/6/23,23:30,1.81E-5,0.00104,1.768E-5,--,-0.103384963,-2.70524,-0.11903056,--,-5.15984E-4,-0.0281,-5.058E-4
2024/6/24,2024/6/24 0:00,1.29E-5,2.9E-4,4.93E-6,--,-0.062993142,-1.10768,-0.04873792,--,4.61425E-4,0.0124,2.232E-4
2024/6/24,0:30,5.49E-5,0.00312,5.304E-5,--,-0.15482421,-3.12532,-0.13751408,--,0.004169446,0.216484,0.003896712
2024/6/24,1:00,2.79E-5,0.00155,2.635E-5,--,-0.353226931,-7.54512,-0.33198528,--,0.005064573,0.267826,0.004820868
2024/6/24,1:30,7.54E-6,1.76E-4,2.992E-6,--,-0.04992889,-2.92144,-0.12854336,--,0.001048948,0.128132,0.002306376
2024/6/24,2:00,4.43E-5,0.00248,4.216E-5,--,-0.405757156,-8.79595,-0.3870218,--,0.001321659,0.0623,0.0011214
2024/6/24,2:30,-6.94E-6,-4.17E-4,-7.089E-6,--,-0.115285888,-3.70528,-0.16303232,--,-7.39867E-4,-0.0407,-7.326E-4
2024/6/24,3:00,-4.85E-6,-2.81E-4,-4.777E-6,--,0.029529295,0.649201,0.028564844,--,-2.29808E-4,0.016,2.88E-4
2024/6/24,3:30,8.26E-6,2.1E-4,3.57E-6,--,-0.063098986,-2.14172,-0.09423568,--,3.59478E-4,0.0483,8.694E-4
2024/6/24,4:00,-4.35E-5,-0.00179,-3.043E-5,--,0.091044935,2.0494,0.0901736,--,-0.001248596,-0.0674,-0.0012132
2024/6/24,4:30,-3.94E-5,-0.002,-3.4E-5,--,0.076871813,1.7175,0.07557,--,-6.66372E-4,-0.0369,-6.642E-4
2024/6/24,5:00,-1.43E-5,-8.36E-4,-1.4212E-5,--,0.045478139,1.03098,0.04536312,--,-0.001037299,-0.0553,-9.954E-4
2024/6/24,5:30,-1.04E-5,-3.3E-4,-5.61E-6,--,0.04601059,1.03511,0.04554484,--,0.001634535,0.0898,0.0016164
2024/6/24,6:00,3.91E-5,0.00228,3.876E-5,--,0.075977381,1.63812,0.07207728,--,0.002554632,0.14132,0.00254376
2024/6/24,6:30,1.16562E-4,0.00677,1.1509E-4,--,0.173216961,3.25654,0.14328776,--,0.008027659,0.44139,0.00794502
2024/6/24,7:00,7.63E-5,0.0043,7.31E-5,--,-0.091658191,-2.08084,-0.09155696,--,0.002889456,0.160388,0.002886984
2024/6/24,7:30,-1.0276E-4,-0.00544,-9.248E-5,--,-0.503442947,-11.4387,-0.5033028,--,-0.021700426,-1.06532,-0.01917576
2024/6/24,8:00,3.62E-5,0.00207,3.519E-5,--,-0.312391393,-7.08502,-0.31174088,--,0.001664432,-0.157754,-0.002839572
2024/6/24,8:30,-3.11E-5,-0.00183,-3.111E-5,--,-0.383924177,-8.66799,-0.38139156,--,-0.004255002,-0.128015,-0.00230427
2024/6/24,9:00,2.55E-5,0.00135,2.295E-5,--,-0.35012472,-7.92202,-0.34856888,--,0.002927579,0.139865,0.00251757
2024/6/24,9:30,-2.98E-5,0.00156,2.652E-5,--,-0.487036807,-11.0615,-0.486706,--,-0.003628297,-0.224955,-0.00404919
2024/6/24,10:00,5.83E-5,0.00318,5.406E-5,--,-0.517102123,-11.7589,-0.5173916,--,0.009275164,0.523197,0.009417546
2024/6/24,10:30,2.48439E-4,0.0142,2.414E-4,--,-0.392496274,-8.87408,-0.39045952,--,-3.84419E-4,-0.136876,-0.002463768
2024/6/24,11:00,2.11545E-4,0.0116,1.972E-4,--,-0.415618224,-9.53889,-0.41971116,--,-0.002774401,-0.171931,-0.003094758
2024/6/24,11:30,7.63E-5,0.00214,3.638E-5,--,-0.449777015,-10.1855,-0.448162,--,-0.007547445,-0.418208,-0.007527744
2024/6/24,12:00,1.19792E-4,0.00678,1.1526E-4,--,-0.380857864,-8.66004,-0.38104176,--,-0.00385964,-0.229944,-0.004138992
2024/6/24,12:30,1.24306E-4,0.00686,1.1662E-4,--,-0.492319852,-11.1566,-0.4908904,--,3.2607E-4,-0.0514,-9.252E-4
2024/6/24,13:00,1.43095E-4,0.00798,1.3566E-4,--,-0.329390933,-7.46467,-0.32844548,--,0.003104289,0.282844,0.005091192
2024/6/24,13:30,6.26E-5,0.0037,6.29E-5,--,-0.280953988,-6.38304,-0.28085376,--,0.008246338,0.447709,0.008058762
2024/6/24,14:00,3.54E-5,0.00175,2.975E-5,--,-0.402045592,-9.07255,-0.3991922,--,-0.003503107,-0.195439,-0.003517902
2024/6/24,14:30,2.98E-5,0.00162,2.754E-5,--,-0.350397209,-7.94014,-0.34936616,--,0.006628627,0.378128,0.006806304
2024/6/24,15:00,5.09E-5,0.00295,5.015E-5,--,-0.254305617,-5.75931,-0.25340964,--,0.004117267,0.230139,0.004142502
2024/6/24,15:30,-3.4E-5,-0.00199,-3.383E-5,--,-0.184985594,-4.17015,-0.1834866,--,0.003395616,0.276349,0.004974282
2024/6/24,16:00,3.67E-5,0.00213,3.621E-5,--,-0.105363163,-2.36846,-0.10421224,--,-8.07604E-4,-0.0455,-8.19E-4
2024/6/24,16:30,2.02E-5,0.00116,1.972E-5,--,-0.077928925,-1.75977,-0.07742988,--,-5.91757E-4,-0.0319,-5.742E-4
2024/6/24,17:00,1.26E-5,7.39E-4,1.2563E-5,--,0.028985811,0.655363,0.028835972,--,0.001651387,0.112972,0.002033496
2024/6/24,17:30,-4.61E-6,-2.73E-4,-4.641E-6,--,0.037269459,0.846376,0.037240544,--,5.3784E-4,0.0308,5.544E-4
2024/6/24,18:00,-2.05E-5,-0.0012,-2.04E-5,--,0.024466596,0.552909,0.024327996,--,-0.001987655,-0.119084,-0.002143512
2024/6/24,18:30,-1.62E-5,-9.53E-4,-1.6201E-5,--,0.091690524,2.08016,0.09152704,--,-0.001306738,-0.0748,-0.0013464
2024/6/24,19:00,-1.04E-5,-6.05E-4,-1.0285E-5,--,--,--,--,--,--,--,--
2024/6/24,19:30,-1.13E-5,-5.78E-4,-9.826E-6,--,--,1.31573,0.05789212,--,--,0.026,4.68E-4
2024/6/24,20:00,-2.99E-5,-0.00175,-2.975E-5,--,-0.05466526,-2.18144,-0.09598336,--,-0.003732114,-0.169277,-0.003046986
2024/6/24,20:30,-8.69E-6,-5.01E-4,-8.517E-6,--,0.060553561,1.4148,0.0622512,--,4.89249E-4,0.0268,4.824E-4
2024/6/24,21:00,-3.18E-5,-0.00185,-3.145E-5,--,0.122590501,2.76382,0.12160808,--,0.004500912,0.251338,0.004524084
2024/6/24,21:30,-1.99E-5,-0.00117,-1.989E-5,--,0.062354477,1.40139,0.06166116,--,-0.001259217,-0.0734,-0.0013212
2024/6/24,22:00,1.42E-5,2.61E-4,4.437E-6,--,0.078958172,1.78275,0.078441,--,0.002527472,0.171238,0.003082284
2024/6/24,22:30,-3.64E-5,-0.00213,-3.621E-5,--,0.065875877,1.48226,0.06521944,--,-0.001581871,-0.131877,-0.002373786
2024/6/24,23:00,4.5E-6,2.64E-4,4.488E-6,--,0.104576727,2.29615,0.1010306,--,0.001948881,0.104238,0.001876284
2024/6/24,23:30,-3.13E-5,-0.00184,-3.128E-5,--,0.05626595,1.20192,0.05288448,--,0.001349516,0.0732,0.0013176
2024/6/25,2024/6/25 0:00,-2.96E-5,-0.00152,-2.584E-5,--,-0.026823936,-0.947194,-0.041676536,--,-4.99557E-4,-0.0424,-7.632E-4
2024/6/25,0:30,1.22E-5,7.1E-4,1.207E-5,--,-0.029899819,-0.850752,-0.037433088,--,-0.00215219,-0.117292,-0.002111256
2024/6/25,1:00,-4.31E-6,-2.33E-4,-3.961E-6,--,0.109656756,2.33129,0.10257676,--,-4.81E-5,-0.0112,-2.016E-4
2024/6/25,1:30,-7.69E-6,-4.35E-4,-7.395E-6,--,-0.123314519,-2.78824,-0.12268256,--,0.001166463,0.0657,0.0011826
2024/6/25,2:00,8.12E-5,0.0048,8.16E-5,--,0.973931255,21.9903,0.9675732,--,0.00432242,0.244024,0.004392432
2024/6/25,2:30,-6.55E-6,-3.81E-4,-6.477E-6,--,0.683650794,15.6188,0.6872272,--,0.002963125,0.164595,0.00296271
2024/6/25,3:00,4.5E-5,0.00264,4.488E-5,--,-0.802355138,-18.4719,-0.8127636,--,0.001907636,0.134316,0.002417688
2024/6/25,3:30,-2.86E-6,-1.58E-4,-2.686E-6,--,0.208740508,4.5399,0.1997556,--,-2.84251E-4,-0.0199,-3.582E-4
2024/6/25,4:00,4.45E-5,0.00147,2.499E-5,--,0.221355394,4.78862,0.21069928,--,-0.001351469,-0.0998,-0.0017964
2024/6/25,4:30,5.14E-6,2.93E-4,4.981E-6,--,0.568609281,12.7646,0.5616424,--,-7.39367E-4,-0.0405,-7.29E-4
2024/6/25,5:00,-7.56E-5,-0.0044,-7.48E-5,--,0.816465609,18.5646,0.8168424,--,-0.002323977,-0.128096,-0.002305728
2024/6/25,5:30,-1.77E-5,-9.31E-4,-1.5827E-5,--,0.286696225,6.04943,0.26617492,--,1.67534E-4,0.00109,1.962E-5
2024/6/25,6:00,-9.59E-5,-0.00561,-9.537E-5,--,-0.280100859,-6.19681,-0.27265964,--,0.017224289,0.956008,0.017208144
2024/6/25,6:30,4.59E-5,0.00263,4.471E-5,--,0.482440826,10.9603,0.4822532,--,0.01782111,0.988867,0.017799606
2024/6/25,7:00,-3.02E-5,-0.0018,-3.06E-5,--,0.06176536,1.38361,0.06087884,--,0.010534369,0.573869,0.010329642
2024/6/25,7:30,-4.78E-5,-0.00256,-4.352E-5,--,0.019811917,0.413504,0.018194176,--,0.038956711,2.14023,0.03852414
2024/6/25,8:00,-4.74E-5,-0.00278,-4.726E-5,--,0.003008125,0.116769,0.005137836,--,0.048241323,2.67267,0.04810806
2024/6/25,8:30,-4.38E-5,-0.00256,-4.352E-5,--,-0.236519998,-5.3303,-0.2345332,--,0.037392619,2.04399,0.03679182
2024/6/25,9:00,1.14975E-4,0.00523,8.891E-5,--,-0.16763117,-3.79894,-0.16715336,--,0.019877337,1.07396,0.01933128
2024/6/25,9:30,1.49576E-4,0.00859,1.4603E-4,--,-0.113593693,-2.52084,-0.11091696,--,0.06451332,3.55376,0.06396768
2024/6/25,10:00,2.37494E-4,0.0134,2.278E-4,--,-0.244454914,-5.48769,-0.24145836,--,0.043057861,2.35014,0.04230252
2024/6/25,10:30,1.82765E-4,0.00973,1.6541E-4,--,-0.265887975,-5.96391,-0.26241204,--,0.069382259,3.74561,0.06742098
2024/6/25,11:00,1.5214E-4,0.00864,1.4688E-4,--,-0.162784369,-3.63245,-0.1598278,--,0.054126323,2.88508,0.05193144
2024/6/25,11:30,1.25488E-4,0.0071,1.207E-4,--,-0.433381065,-9.81576,-0.43189344,--,0.081636588,4.43566,0.07984188
